"Protein","chromosome","max_minus_log10p","alpha"
"ATPASE","6",3.59085906503528,0.358213464865545
"ABCB4","6",3.24149965654948,0.2677000758598
"BCRP","6",2.3792637148588,0.103489068422441
"BSEP","6",2.29273066178668,0.0916599301418728
"CES1","6",2.95048165902808,0.20285924033584
"CYP1A2","6",2.68635635806177,0.152316619645856
"CYP2C29","6",5.13786646755606,0.925209734856442
"CYP2C39","6",2.72635237407776,0.159462377324707
"CYP2C9","6",2.73260260611118,0.160595429093487
"CYP2C50","6",2.09652596741922,0.0679811783659277
"CYP2D9","6",1.7668819740978,0.0380181956055228
"CYP2D10","6",1.60427809227185,0.027772607576264
"CYP2D26","6",1.88149863728765,0.0470401126189633
"CYP2E1","6",2.76981719567382,0.167433379319378
"CYP2F2","6",1.12944320463032,0.015
"CYP3A11","6",5.29929818328799,1
"ENT1","6",2.40745716567529,0.107526370041753
"MRP2","6",3.49855886637558,0.332955876300085
"MRP3","6",3.95661346592213,0.467791490137888
"NTCP","6",1.98663343946591,0.0566244739590727
"OATP1A4","6",3.17316716500228,0.251613108659976
"OATP2A1","6",2.18240953868983,0.077809205538234
"OCT1.2","6",2.56527225610203,0.131788424779487
"UGT1A1","6",2.33555887388478,0.0974085452268808
"UGT1A6","6",1.38488005028265,0.0186962506450172
"UGT2A2","6",2.53815732635746,0.127419089801723
