"k","gap","SE","logW","E_logW"
1,0.227110273984588,0.0193411945017199,4.35319825664543,4.58030853063002
2,0.283191592882333,0.0196982662501248,4.20675553796514,4.48994713084747
3,0.289434217495081,0.0196524556444547,4.13337318299167,4.42280740048675
4,0.28065128393709,0.0196790997440853,4.08716796898316,4.36781925292025
5,0.276179576722355,0.0195477925640767,4.04156223345526,4.31774181017761
6,0.274878730280395,0.0194132619988756,3.9953843388581,4.27026306913849
7,0.270356988848568,0.0197185757733454,3.95422340122753,4.2245803900761
8,0.265468740783509,0.0199435496789889,3.91456001230257,4.18002875308608
9,0.262131030619183,0.0202218828812927,3.87409757982488,4.13622861044407
10,0.258715256753729,0.0203807483784877,3.83408174636964,4.09279700312337
