"","ATPASE","ABCB4","BCRP","BSEP","CES1","CYP1A2","CYP2C29","CYP2C39","CYP2C9","CYP2C50","CYP2D9","CYP2D10","CYP2D26","CYP2E1","CYP2F2","CYP3A11","ENT1","MRP2","MRP3","NTCP","OATP1A4","OATP2A1","OCT1.2","UGT1A1","UGT1A6","UGT2A2"
"ATPASE",0.331778764901914,0.110045400486759,-0.0769722197058833,0.280686989061765,-0.293840290151759,0.0734587517499504,-0.022568031284174,0.0433965306048911,0.336109161504336,0.028050539899269,-0.000353335081203707,-0.197172058258463,0.282342098850818,-0.0495414671303349,-0.0151686927660305,-0.00840752643194087,0.487918814140884,0.23417986891187,0.236028778679346,0.284291560324872,-0.0551337496633807,0.191601899229689,0.178492922208697,0.0113588895379362,0.159344515629275,-0.397351391674088
"ABCB4",0.110045400486759,0.465047736012712,0.398014618474396,-0.00285881700324762,0.0837244632231563,0.367625983235661,0.388620548429667,0.153439266726043,0.485588899518883,-0.101753992875136,0.373533853461149,0.396094822748416,-0.353320429043447,0.624498811734003,0.0169049559724646,0.164157932395939,0.379048488705781,0.0803407666188466,0.437465365997274,0.0381353081238081,0.415619458797711,-0.291517286916815,0.516639726794924,0.207114663003474,0.145190876828575,0.150210697447253
"BCRP",-0.0769722197058833,0.398014618474396,0.886101892150693,-0.393984528618091,0.364889619520225,0.321835534725393,0.720579790835138,-0.263569885352107,0.124915917498403,0.236796251110692,0.271781043542978,0.79355221342298,-0.616502232111411,0.749714397788547,0.381180057592726,0.444903953440009,0.205332728028867,0.00462243531952207,0.396712099952181,-0.06394766925684,0.826348246323761,-0.162474269656191,0.448138969063415,0.149636125810025,0.242168146397409,0.318753031297151
"BSEP",0.280686989061765,-0.00285881700324762,-0.393984528618091,0.581088574499649,0.0557463182668766,-0.0742336583759621,-0.259188803595706,0.225089706954263,0.180772370528827,-0.0474920423304136,-0.0893196578497688,-0.324640045929699,0.315486436672172,-0.282012388610265,-0.0336662261030736,0.00644313100606228,0.0964990066502673,0.42760243121064,-0.117489165824102,0.350605490891556,-0.35723238272111,-0.0766419075039514,-0.116320475296782,0.0465465765169633,0.15921605219988,-0.416389424725219
"CES1",-0.293840290151759,0.0837244632231563,0.364889619520225,0.0557463182668766,0.657278745015534,0.0491997396686996,0.215689059274734,0.0531908903388773,-0.0392313256296424,0.226433377266912,0.121070011359306,0.384912873056388,-0.257250401541908,0.283168210260066,0.192567573204023,0.338227218534364,-0.111321094010468,-0.225175675346609,0.184084310567367,0.232619420117133,0.342241134048245,0.0440373673926318,0.0826727703762954,0.104254410305707,0.185491824734463,0.0693390255938969
"CYP1A2",0.0734587517499504,0.367625983235661,0.321835534725393,-0.0742336583759621,0.0491997396686996,0.631416780786661,0.494131639437227,0.142870515489505,0.605697119718873,0.185750850006237,0.341482307324481,0.298501766625829,-0.0735652784884111,0.552269004887538,0.00200861887020273,0.234925780342321,0.296191183165148,0.266145200986636,0.393892908728504,0.265378095420575,0.267505184580342,-0.0823362876722949,0.35619937783238,0.0903810398094402,0.0409089592991961,0.329080593901447
"CYP2C29",-0.022568031284174,0.388620548429667,0.720579790835138,-0.259188803595706,0.215689059274734,0.494131639437227,0.943966662566157,0.0641273671041001,0.377695788770836,0.350720059549922,0.451994778778886,0.795670109568823,-0.52642584710012,0.825220760663804,0.253938879753114,0.43837302292884,0.27976027984843,0.146837052250131,0.398243760645663,-0.00804275147742537,0.828129090553204,-0.110338369317826,0.561622484630744,0.442576273503244,0.091947626159392,0.354785293880174
"CYP2C39",0.0433965306048911,0.153439266726043,-0.263569885352107,0.225089706954263,0.0531908903388773,0.142870515489505,0.0641273671041001,0.918925849781394,0.27182936057863,-0.140350525861512,0.0603843808568211,-0.0860935022427219,0.23627528553792,0.081146728656521,-0.334643306117307,0.0882486399800622,0.237330853146353,0.184904357193907,-0.0825487981139914,0.191919135539732,-0.0605753898780346,-0.26110560881463,0.0451716749972264,0.222336455367194,-0.241516102699926,0.133788542207263
"CYP2C9",0.336109161504336,0.485588899518883,0.124915917498403,0.180772370528827,-0.0392313256296424,0.605697119718873,0.377695788770836,0.27182936057863,0.581006131130983,0.0491725641066704,0.310794171855561,0.209872100590766,0.0869950142834597,0.579993049257647,-0.173026520908562,0.171977600085755,0.354824353533698,0.349806181569971,0.293013067023491,0.386357763765687,0.218140061201516,-0.0852844736046457,0.365241971104783,0.240359655895018,0.207190769567132,0.00200016202134688
"CYP2C50",0.028050539899269,-0.101753992875136,0.236796251110692,-0.0474920423304136,0.226433377266912,0.185750850006237,0.350720059549922,-0.140350525861512,0.0491725641066704,0.860493083963178,0.123384170516166,0.234854366589925,-0.223149176701038,0.196068259604281,0.187607771783468,0.100926835043456,0.0940315028529491,0.189564999789446,0.236351972719936,0.168647703841144,0.243599971659099,-0.0466377845122221,-0.0417500305732061,0.293784346651482,0.0547629047648164,-0.00668270318838293
"CYP2D9",-0.000353335081203707,0.373533853461149,0.271781043542978,-0.0893196578497688,0.121070011359306,0.341482307324481,0.451994778778886,0.0603843808568211,0.310794171855561,0.123384170516166,0.573039249738539,0.479453325449357,-0.262752750328165,0.470794891063975,0.241306175888639,0.247783219707678,0.150099985200559,-0.167249248588457,0.36321437048297,0.0412385945532097,0.416915351327935,0.0910689341438653,0.287583645824408,0.343865497103751,-0.00845244911086488,0.268104832710385
"CYP2D10",-0.197172058258463,0.396094822748416,0.79355221342298,-0.324640045929699,0.384912873056388,0.298501766625829,0.795670109568823,-0.0860935022427219,0.209872100590766,0.234854366589925,0.479453325449357,0.93202609400076,-0.669879384233847,0.825742366115911,0.444584847130482,0.238741074410808,0.117587456430634,0.0651125198690836,0.300736679593131,-0.109403435778493,0.860689407875223,-0.13894620142087,0.491123035066575,0.42113159036644,0.12775073203973,0.398246797362554
"CYP2D26",0.282342098850818,-0.353320429043447,-0.616502232111411,0.315486436672172,-0.257250401541908,-0.0735652784884111,-0.52642584710012,0.23627528553792,0.0869950142834597,-0.223149176701038,-0.262752750328165,-0.669879384233847,0.804047157858476,-0.574318275810023,-0.339457612985106,-0.0966545886652412,-0.0438360318460678,-0.0567616613819302,-0.118020652790135,0.248780753513865,-0.62913880275922,0.140222948943231,-0.23927027610839,-0.20781245498857,-0.015286430561817,-0.36205082168055
"CYP2E1",-0.0495414671303349,0.624498811734003,0.749714397788547,-0.282012388610265,0.283168210260066,0.552269004887538,0.825220760663804,0.081146728656521,0.579993049257647,0.196068259604281,0.470794891063975,0.825742366115911,-0.574318275810023,0.911192605497674,0.226022532288743,0.326532003459558,0.320163660817597,0.148208508024109,0.440644384379387,-0.00319933627377255,0.819195766237678,-0.195635370110803,0.505256239416895,0.365623426840628,0.0916576297888416,0.400090032661145
"CYP2F2",-0.0151686927660305,0.0169049559724646,0.381180057592726,-0.0336662261030736,0.192567573204023,0.00200861887020273,0.253938879753114,-0.334643306117307,-0.173026520908562,0.187607771783468,0.241306175888639,0.444584847130482,-0.339457612985106,0.226022532288743,0.554828486825448,0.120315950516878,-0.157436834306755,-0.0680565586159677,0.222744950367558,-0.0974884893951322,0.37475804741578,0.217804490735914,0.0614038002728681,0.0782483532714502,0.24246955400077,0.112904271242248
"CYP3A11",-0.00840752643194087,0.164157932395939,0.444903953440009,0.00644313100606228,0.338227218534364,0.234925780342321,0.43837302292884,0.0882486399800622,0.171977600085755,0.100926835043456,0.247783219707678,0.238741074410808,-0.0966545886652412,0.326532003459558,0.120315950516878,0.607077987319826,-0.0837978653854475,-0.00614191070327051,0.403148936049455,0.286984024755631,0.318835131419924,0.0176769008834519,0.163056770581941,0.0434693625365103,0.390397998703023,0.14852115641271
"ENT1",0.487918814140884,0.379048488705781,0.205332728028867,0.0964990066502673,-0.111321094010468,0.296191183165148,0.27976027984843,0.237330853146353,0.354824353533698,0.0940315028529491,0.150099985200559,0.117587456430634,-0.0438360318460678,0.320163660817597,-0.157436834306755,-0.0837978653854475,0.750098139526979,0.275059070045758,0.0994120538956128,0.17375535782908,0.272364381914853,-0.188240572775998,0.223174277252699,0.093797511168058,-0.0863121014865648,-0.171024971665673
"MRP2",0.23417986891187,0.0803407666188466,0.00462243531952207,0.42760243121064,-0.225175675346609,0.266145200986636,0.146837052250131,0.184904357193907,0.349806181569971,0.189564999789446,-0.167249248588457,0.0651125198690836,-0.0567616613819302,0.148208508024109,-0.0680565586159677,-0.00614191070327051,0.275059070045758,0.310513426898851,-0.0353670560734913,0.171559908664076,-0.0718087048396052,-0.215627685898023,0.0466003552547052,0.107802004978197,0.220983911424768,-0.117402440566288
"MRP3",0.236028778679346,0.437465365997274,0.396712099952181,-0.117489165824102,0.184084310567367,0.393892908728504,0.398243760645663,-0.0825487981139914,0.293013067023491,0.236351972719936,0.36321437048297,0.300736679593131,-0.118020652790135,0.440644384379387,0.222744950367558,0.403148936049455,0.0994120538956128,-0.0353670560734913,0.518296192994697,0.216011353084366,0.381852961099719,0.174598613507516,0.42842849886806,0.29975248788371,0.257796726279745,0.218342826681546
"NTCP",0.284291560324872,0.0381353081238081,-0.06394766925684,0.350605490891556,0.232619420117133,0.265378095420575,-0.00804275147742537,0.191919135539732,0.386357763765687,0.168647703841144,0.0412385945532097,-0.109403435778493,0.248780753513865,-0.00319933627377255,-0.0974884893951322,0.286984024755631,0.17375535782908,0.171559908664076,0.216011353084366,0.724169980293076,-0.0257481411434403,0.0884440775144515,0.0764523755658729,0.237755675590093,0.43438831817116,0.0255850935845764
"OATP1A4",-0.0551337496633807,0.415619458797711,0.826348246323761,-0.35723238272111,0.342241134048245,0.267505184580342,0.828129090553204,-0.0605753898780346,0.218140061201516,0.243599971659099,0.416915351327935,0.860689407875223,-0.62913880275922,0.819195766237678,0.37475804741578,0.318835131419924,0.272364381914853,-0.0718087048396052,0.381852961099719,-0.0257481411434403,0.956070012735714,-0.0925229972932073,0.462403110131192,0.382508797498421,0.0852931538933025,0.351112531325826
"OATP2A1",0.191601899229689,-0.291517286916815,-0.162474269656191,-0.0766419075039514,0.0440373673926318,-0.0823362876722949,-0.110338369317826,-0.26110560881463,-0.0852844736046457,-0.0466377845122221,0.0910689341438653,-0.13894620142087,0.140222948943231,-0.195635370110803,0.217804490735914,0.0176769008834519,-0.188240572775998,-0.215627685898023,0.174598613507516,0.0884440775144515,-0.0925229972932073,0.384234521892113,-0.153007005228716,0.0342487343244811,0.087799606876385,-0.0195078465203228
"OCT1.2",0.178492922208697,0.516639726794924,0.448138969063415,-0.116320475296782,0.0826727703762954,0.35619937783238,0.561622484630744,0.0451716749972264,0.365241971104783,-0.0417500305732061,0.287583645824408,0.491123035066575,-0.23927027610839,0.505256239416895,0.0614038002728681,0.163056770581941,0.223174277252699,0.0466003552547052,0.42842849886806,0.0764523755658729,0.462403110131192,-0.153007005228716,0.421058383791219,0.256864740413848,0.279546146360675,0.276513856144677
"UGT1A1",0.0113588895379362,0.207114663003474,0.149636125810025,0.0465465765169633,0.104254410305707,0.0903810398094402,0.442576273503244,0.222336455367194,0.240359655895018,0.293784346651482,0.343865497103751,0.42113159036644,-0.20781245498857,0.365623426840628,0.0782483532714502,0.0434693625365103,0.093797511168058,0.107802004978197,0.29975248788371,0.237755675590093,0.382508797498421,0.0342487343244811,0.256864740413848,0.775254043436625,0.111130557522931,0.241922339826413
"UGT1A6",0.159344515629275,0.145190876828575,0.242168146397409,0.15921605219988,0.185491824734463,0.0409089592991961,0.091947626159392,-0.241516102699926,0.207190769567132,0.0547629047648164,-0.00845244911086488,0.12775073203973,-0.015286430561817,0.0916576297888416,0.24246955400077,0.390397998703023,-0.0863121014865648,0.220983911424768,0.257796726279745,0.43438831817116,0.0852931538933025,0.087799606876385,0.279546146360675,0.111130557522931,0.753887034338374,-0.0894101346874218
"UGT2A2",-0.397351391674088,0.150210697447253,0.318753031297151,-0.416389424725219,0.0693390255938969,0.329080593901447,0.354785293880174,0.133788542207263,0.00200016202134688,-0.00668270318838293,0.268104832710385,0.398246797362554,-0.36205082168055,0.400090032661145,0.112904271242248,0.14852115641271,-0.171024971665673,-0.117402440566288,0.218342826681546,0.0255850935845764,0.351112531325826,-0.0195078465203228,0.276513856144677,0.241922339826413,-0.0894101346874218,0.341493575976783
