"Protein","threshold_90"
"ATPASE",7.2391807630718
"ABCB4",7.24203131681218
"BCRP",7.24774865938781
"BSEP",7.20969486002743
"CES1",7.16337990910959
"CYP1A2",7.21143444508961
"CYP2C29",7.22123739627634
"CYP2C39",7.20995347836254
"CYP2C9",7.22728644247968
"CYP2C50",7.18881125066651
"CYP2D9",7.23389299169281
"CYP2D10",7.22667318040228
"CYP2D26",7.20878821760623
"CYP2E1",7.25474019880167
"CYP2F2",7.2771172400813
"CYP3A11",7.26020261345257
"ENT1",7.22915158521648
"MRP2",7.14336278118737
"MRP3",7.13337509305134
"NTCP",7.14362243685518
"OATP1A4",7.21664353256859
"OATP2A1",7.30989043359625
"UGT1A1",7.21499951501383
"UGT1A6",7.19516923760799
"UGT2A2",7.2000268018472
