"Protein","Set","H2","Locus","CH","Mb","P.Val","Adjusted_P.val","Threshold_0.95","Threshold_0.9","H2_CI_low","H2_CI_high","H2_Pvalue","H2_Pvalue_Bonferroni","Transcript","Transcript_mapping","Transcript_H2","Transcript_H2_method","Transcript_H2_boundary","Transcript_probe","Transcript_H2_CI_low","Transcript_H2_CI_high","Transcript_H2_Pvalue","Transcript_H2_Pvalue_Bonferroni","Transcript_H2_Pvalue_BH"
"UGT1A1","full",0.762370176965504,"UNC6875976",4,22.184882,0.000349925378795775,0.5677417947251,5.0186219502405,4.65243686864999,0.647239143329864,0.837140210581592,6.77816953263329e-32,1.76232407848466e-30,NA,"No matching gene-specific probe in original array",NA,"No matching gene-specific probe in original array",NA,NA,NA,NA,NA,NA,NA
"UGT1A6","full",0.66995994603456,"UNC1067986",1,84.180779,0.000723291918145498,0.749285570658133,5.02048323421082,4.64835523127227,0.543180216894376,0.767893746805044,4.09291384256684e-23,1.06415759906738e-21,NA,"No RNA gene symbol in pair table",NA,"No RNA gene symbol in pair table",NA,NA,NA,NA,NA,NA,NA
"CYP2F2","full",0.535079242836747,"JAX00294818",10,86.920727,8.65293138367673e-05,0.271033811375021,5.03371121096354,4.66752486881499,0.360044985524068,0.657132220755783,1.95305382531802e-14,5.07793994582684e-13,"Cyp2f2","Matched original array probe",0.385742945827003,"Broad-sense strain random-intercept REML; individual-sample RINT; Scan_Date fixed effect",FALSE,"1448792_PM_a_at",0.170288722702177,0.547632693342023,9.3337858356432e-07,1.77341930877221e-05,1.77341930877221e-06
"UGT2A2","full",0.337438936600646,"JAX00413250",16,8.049472,0.000488321407110412,0.661439676416251,4.97760233065684,4.62322639639095,0.187391070223869,0.459198664651745,1.74263826444012e-06,4.53085948754431e-05,NA,"No matching gene-specific probe in original array",NA,"No matching gene-specific probe in original array",NA,NA,NA,NA,NA,NA,NA
"ATPASE","full",0.234862766433204,"backuprs29925749",6,129.072868,7.41808618547712e-05,0.242820623767323,5.07892219330382,4.68282940734894,0.0699234047714998,0.387301602200816,0.000719372924324725,0.0187036960324428,"Atp1a1","Matched original array probe",0.510071683919622,"Broad-sense strain random-intercept REML; individual-sample RINT; Scan_Date fixed effect",FALSE,"1423653_PM_at",0.36400813165781,0.635947341799761,3.24426717535752e-13,6.16410763317929e-12,1.54102690829482e-12
"MRP3","full",0.45746342592388,"backupUNC120186393",12,74.102717,1.0018153153864e-05,0.0517973163097961,5.01720489744645,4.64888323457776,0.284595020065401,0.590655871637712,1.49135821621988e-10,3.87753136217168e-09,"Abcc3","Matched original array probe",0.480065178249464,"Broad-sense strain random-intercept REML; individual-sample RINT; Scan_Date fixed effect",FALSE,"1428988_PM_at",0.319112099749381,0.628957947556485,1.17894948798666e-11,2.24000402717466e-10,3.7333400452911e-11
"CYP2C9","full",0.575248797059315,"UNC21925293",12,113.583533,1.05057043485531e-05,0.0589060677102582,5.06691465045912,4.68281409308538,0.418118207744565,0.693824551794481,1.12609830431027e-16,2.9278555912067e-15,NA,"No RNA gene symbol in pair table",NA,"No RNA gene symbol in pair table",NA,NA,NA,NA,NA,NA,NA
"NTCP","full",0.222344742273902,"JAX00631446",7,6.367149,5.63218159372587e-05,0.198038031065289,5.00409593524036,4.64330801718906,0.07900869769227,0.368792530399773,0.00133889731878342,0.0348113302883688,"Slc10a1","Matched original array probe",0.217871238978706,"Broad-sense strain random-intercept REML; individual-sample RINT; Scan_Date fixed effect",FALSE,"1424898_PM_at",0.0729333088040516,0.372367774583627,0.00283632537569115,0.0538901821381319,0.00359267880920879
"OATP1A4","full",0.857299887806375,"UNC21853218",12,108.259518,7.87161502457606e-05,0.24349721911106,5.03933506467373,4.65845525915279,0.783481278569062,0.911241873412098,4.71875931219091e-46,1.22687742116964e-44,"Slco1a4","Matched original array probe",0.499833419659881,"Broad-sense strain random-intercept REML; individual-sample RINT; Scan_Date fixed effect",FALSE,"1420405_PM_at",0.339548466333173,0.635773920421881,3.86257225567293e-12,7.33888728577858e-11,1.46777745715572e-11
"ABCB4","full",0.388926606052849,"UNC25986531",15,82.741425,0.000165233432769051,0.408393038794241,5.03889407109779,4.6694835164467,0.2054002389317,0.557237998221223,3.29063138906066e-08,8.55564161155771e-07,"Abcb4","Matched original array probe",0.280229869215,"Broad-sense strain random-intercept REML; individual-sample RINT; Scan_Date fixed effect",FALSE,"1449818_PM_at",0.101028804323848,0.418578199303139,9.50801495269128e-05,0.00180652284101134,0.000138963295462411
"CYP2C29","full",0.928913714357419,"UNC22487649",13,41.290056,4.72565011009608e-05,0.167824052156197,4.98132682632407,4.62173799140312,0.884145413952101,0.952419531753945,6.08331492604145e-66,1.58166188077078e-64,"Cyp2c29","Matched original array probe",0.328487748018579,"Broad-sense strain random-intercept REML; individual-sample RINT; Scan_Date fixed effect",FALSE,"1417651_PM_at",0.158827053563961,0.46789833193243,9.61649175416593e-06,0.000182713343329153,1.66103039390139e-05
"CES1","full",0.622131937248438,"UNC13675404",7,115.902195,0.000145118608040818,0.369592076950669,4.9938365912156,4.6359277387171,0.495289245782825,0.723002636663762,1.28219549775136e-19,3.33370829415353e-18,NA,"No RNA gene symbol in pair table",NA,"No RNA gene symbol in pair table",NA,NA,NA,NA,NA,NA,NA
"BCRP","full",0.814437872794589,"UNC18711153",10,110.737776,0.00236422129160982,0.946834118048714,5.00961390763755,4.64189883603931,0.697279315571346,0.873870993161027,1.06037796099748e-38,2.75698269859345e-37,"Abcg2","Matched original array probe",0.473198062635501,"Broad-sense strain random-intercept REML; individual-sample RINT; Scan_Date fixed effect",FALSE,"1422906_PM_at",0.318861951036908,0.59993354081214,2.47613201194083e-09,4.70465082268758e-08,6.72092974669655e-09
"CYP1A2","full",0.599947305395289,"UNC17605673",10,25.098618,3.15174974716298e-05,0.132275820579992,5.01839819771448,4.6578572027275,0.461750868429503,0.726614064320845,3.57977355426978e-18,9.30741124110143e-17,"Cyp1a2","Matched original array probe",0.16025727788906,"Broad-sense strain random-intercept REML; individual-sample RINT; Scan_Date fixed effect",FALSE,"1450715_PM_at",0.019780849096914,0.299853901287262,0.0189938760897118,0.360883645704524,0.0189938760897118
"OATP2A1","full",0.210247345220863,"UNC26384752",16,15.218143,1.36903873012935e-06,0.00733369162305963,4.99852458747698,4.64090988966332,0.0338523531494185,0.354670049696163,0.00237911533364803,0.0618569986748487,"Slco2a1","Matched original array probe",0.528496134441364,"Broad-sense strain random-intercept REML; individual-sample RINT; Scan_Date fixed effect",FALSE,"1420913_PM_at",0.37085494964878,0.664532458424014,1.43820041994216e-13,2.7325807978901e-12,9.10860265963367e-13
"ENT1","full",0.734296020860912,"UNC27944457",17,47.348891,1.72057320240906e-06,0.0100102208423682,5.00110682479444,4.63535398135835,0.626406879234419,0.810510375049023,7.160839369427e-29,1.86181823605102e-27,"Slco1a4","Matched original array probe",0.499833419659881,"Broad-sense strain random-intercept REML; individual-sample RINT; Scan_Date fixed effect",FALSE,"1420405_PM_at",0.339548466333173,0.635773920421881,3.86257225567293e-12,7.33888728577858e-11,1.46777745715572e-11
"CYP2D26","full",0.795581278768755,"UNC5373318",3,61.220059,5.61564091747137e-06,0.0336518685018394,5.04312183197828,4.66083215717324,0.66699217580615,0.855908091891493,6.77581474399852e-36,1.76171183343961e-34,"Cyp2d26","Matched original array probe",0.531834062260824,"Broad-sense strain random-intercept REML; individual-sample RINT; Scan_Date fixed effect",FALSE,"1448683_PM_at",0.36979109795881,0.643377374845978,1.32910123937474e-13,2.52529235481201e-12,9.10860265963367e-13
"BSEP","full",0.570392614209101,"UNC26665635",16,38.153547,4.17848337174686e-07,0.00189507326174199,5.01221433372433,4.6563789070497,0.404910225092481,0.690130875915171,2.15386566221926e-16,5.60005072177007e-15,"Abcb11","Matched original array probe",0.220467847024736,"Broad-sense strain random-intercept REML; individual-sample RINT; Scan_Date fixed effect",FALSE,"1449817_PM_at",0.0649105596245248,0.359581891541188,0.00368409707965305,0.069997844513408,0.00411752026549459
"CYP3A11","full",0.486700108993352,"UNC5114998",3,41.343695,5.73862616182392e-06,0.0285911763430408,4.98300244618161,4.63466357071401,0.304342170887094,0.616001684087857,4.14231438496116e-12,1.0770017400899e-10,"Cyp3a11","Matched original array probe",0.19772620310571,"Broad-sense strain random-intercept REML; individual-sample RINT; Scan_Date fixed effect",FALSE,"1416809_PM_at",0.0277534238908563,0.344915778859824,0.00446025643884422,0.0847448723380402,0.00470804846322446
"CYP2C39","full",0.898204199736266,"UNC30297139",19,38.966739,2.08196687680701e-15,2.22044604925031e-16,5.02558025104247,4.65215468694882,0.842734625077467,0.934125745038887,1.22185550893713e-55,3.17682432323655e-54,"Cyp2c39","Matched original array probe",0.688464730663367,"Broad-sense strain random-intercept REML; individual-sample RINT; Scan_Date fixed effect",FALSE,"1421363_PM_at",0.552505975589851,0.785409276960154,6.01279942383177e-25,1.14243189052804e-23,1.14243189052804e-23
"CYP2C50","full",0.836991869956736,"UNC30282360",19,37.991484,4.88038366999079e-11,2.22044604925031e-16,4.95080184726315,4.60376837567078,0.739374784686555,0.888685884369449,4.20772850468154e-42,1.0940094112172e-40,"Cyp2c54","Matched original array probe",0.310676317662154,"Broad-sense strain random-intercept REML; individual-sample RINT; Scan_Date fixed effect",FALSE,"1455457_PM_at",0.12887963323718,0.453633208778782,1.51099873587529e-05,0.000287089759816305,2.39241466513588e-05
"CES2","full",NA,"UNC9452574",5,73.060687,4.3488365093971e-60,2.22044604925031e-16,4.98817616288523,4.61988627668044,NA,NA,NA,NA,NA,"No RNA gene symbol in pair table",NA,"Excluded: protein QC issue",NA,NA,NA,NA,NA,NA,NA
"CYP2D9","full",0.557078672856934,"UNC18004946",10,56.025139,1.32254006679503e-05,0.0639420301051589,5.00344517506368,4.64136862291665,0.410900981446282,0.661039461489364,1.44892006198423e-15,3.76719216115901e-14,"Cyp2d9","Matched original array probe",0.414098517631475,"Broad-sense strain random-intercept REML; individual-sample RINT; Scan_Date fixed effect",FALSE,"1419349_PM_a_at",0.266035050076028,0.552941444520052,6.22002943385285e-09,1.18180559243204e-07,1.47725699054005e-08
"CYP2E1","full",0.861589102740705,"JAX00107960",3,59.859234,7.37611474116421e-05,0.238503796135365,5.0221427343217,4.652607709148,0.784144179879609,0.900897179470246,6.50174348822316e-47,1.69045330693802e-45,"Cyp2e1","Matched original array probe",0.248928785575568,"Broad-sense strain random-intercept REML; individual-sample RINT; Scan_Date fixed effect",FALSE,"1415994_PM_at",0.0726293310516229,0.400441305324757,0.000508921425198988,0.00966950707878077,0.00069067907705577
"MRP2","full",0.305773481239886,"JAX00622082",6,110.83632,0.000234846502617063,0.491095698658936,5.02932092210066,4.6627568010954,0.0963684597269181,0.460979496220606,1.26600828410728e-05,0.000329162153867893,"Abcc2","Matched original array probe",0.412741712563523,"Broad-sense strain random-intercept REML; individual-sample RINT; Scan_Date fixed effect",FALSE,"1450109_PM_s_at",0.233791099796204,0.562152639142728,9.11942727842185e-09,1.73269118290015e-07,1.92521242544461e-08
"CYP2D10","full",0.910655880900214,"JAX00107960",3,59.859234,0.000704596328538528,0.705783471920282,4.97113520330073,4.60124412661447,0.866024004459464,0.945506890591123,5.16378643017382e-59,1.34258447184519e-57,"Cyp2d10","Matched original array probe",0.207303298017507,"Broad-sense strain random-intercept REML; individual-sample RINT; Scan_Date fixed effect",FALSE,"1418113_PM_at",0.0489168499724421,0.346362322213172,0.00310828894116794,0.0590574898821908,0.00369109311763693
