"","ABCB4","BCRP","BSEP","CES1","CYP1A2","CYP2C29","CYP2C39","CYP2C9","CYP2E1","CYP3A11","ENT1","MRP2","MRP3","NTCP","OATP1A4","OATP2A1","OCT1.2","UGT1A1","UGT1A6","CYP2C50","CYP2D9","CYP2D10","CYP2D26","CYP2F2","UGT2A2","ATPASE"
"ABCB4",1,0.493532127735305,0.163708937863217,0.242224858333465,0.390748312222628,0.397979260710582,0.351219481920564,0.516213208937355,0.579456429644219,0.189189383364881,0.449711143980524,0.349582333105016,0.354082899465554,0.448168866514997,0.407078217184551,-0.0115128841234521,0.422461063986108,0.386767081781098,0.262126411110247,0.24863962935746,0.352623988250548,0.387443173862166,-0.256251904982485,0.0932779510375019,0.180838346381226,0.248470541356268
"BCRP",0.493532127735305,1,-0.241894228407617,0.515040223132016,0.295116928280784,0.66752052321282,-0.0759005587052108,0.191069998844165,0.692711367563047,0.510373411070288,0.147607076685244,0.0967463471238637,0.523728513401082,0.226308862146397,0.610263008259005,-0.154248960150267,0.68487721322915,0.236193803455849,0.365941767743728,0.347692422096156,0.30380172770061,0.719559554062056,-0.443427764480905,0.421428258878178,0.380466163533669,0.071219901243798
"BSEP",0.163708937863217,-0.241894228407617,1,0.0602002249978605,0.130339781392259,-0.132509625507088,0.26688383045644,0.250807133174612,-0.146668546034008,0.0743184794222968,0.312376791843603,0.657036477516791,-0.137092371391615,0.434099041879367,-0.154094896646388,-0.295868935655601,-0.0353643067672957,-0.0432968161157299,0.194650559546578,-0.0446346116128114,-0.0766000579227336,-0.211565204676839,0.166644352258203,-0.206147787085386,-0.387644072864626,0.334334520521853
"CES1",0.242224858333465,0.515040223132016,0.0602002249978605,1,0.234881220794478,0.295505630227733,0.22097455615292,0.0562901079328071,0.445368770741804,0.507157311055935,-0.180452913118408,-0.139591787523046,0.179543110265589,0.167225448427944,0.442096732344542,-0.0708268114387184,0.200144430024239,0.226181210739056,0.23666052459684,0.123233728244984,0.278542766006295,0.571422291189952,-0.386535719830608,0.248360501993924,0.355001811132556,-0.427325591088614
"CYP1A2",0.390748312222628,0.295116928280784,0.130339781392259,0.234881220794478,1,0.403985962847123,0.288335056062899,0.701327457108313,0.561397089557105,0.158107392021596,0.29238314408765,0.205038891819663,0.457995219971632,0.515533043774699,0.207545665230154,0.0464840896422087,0.401699210209931,0.254142937197606,0.182398103023047,0.358923082339874,0.418041312492397,0.215911156551162,0.111229570694578,0.108072049349015,0.290154833154768,0.174548901336652
"CYP2C29",0.397979260710582,0.66752052321282,-0.132509625507088,0.295505630227733,0.403985962847123,1,0.111062862214881,0.412968630165032,0.787844204295215,0.478586299612288,0.207053799974851,0.222865150420102,0.459737204021298,0.19979176341851,0.723602582827406,-0.0209589238657141,0.641664774663956,0.610912922437568,0.152105021008493,0.623180679077262,0.504796731174346,0.733633888868324,-0.442012797903284,0.318287195679224,0.392833491081273,0.0902926266487195
"CYP2C39",0.351219481920564,-0.0759005587052108,0.26688383045644,0.22097455615292,0.288335056062899,0.111062862214881,1,0.347052074650799,0.263288648555582,0.0875570341016461,0.22495271998795,0.221144145901319,-0.136118534195045,0.103499120926525,0.14595433849935,-0.338312249638062,-0.0817000791738171,0.226457435760582,-0.291089478922391,-0.237389207973804,0.182682864474459,0.0970301123679677,0.157208940451027,-0.362234124099289,0.305813491440193,-0.290245463411563
"CYP2C9",0.516213208937355,0.191069998844165,0.250807133174612,0.0562901079328071,0.701327457108313,0.412968630165032,0.347052074650799,1,0.643866383047333,0.0725715701578568,0.495569735702156,0.469140647556591,0.295260186894695,0.748860978030393,0.314186887092937,0.152573171547501,0.374320706865508,0.363393965837859,0.308832937987494,0.254769290047926,0.334922337684351,0.199383702241336,0.145086510712793,-0.212353386062663,0.0226161440451673,0.495994936787532
"CYP2E1",0.579456429644219,0.692711367563047,-0.146668546034008,0.445368770741804,0.561397089557105,0.787844204295215,0.263288648555582,0.643866383047333,1,0.323269218716074,0.294862642005259,0.240562725581909,0.448132562229393,0.421879498782259,0.73191249931129,-0.0347308424016695,0.508118039156835,0.589114533584578,0.189426077563191,0.532018169566914,0.499823171857318,0.774721777616982,-0.452220128580212,0.300726034087594,0.469445385071147,0.0780088844158522
"CYP3A11",0.189189383364881,0.510373411070288,0.0743184794222968,0.507157311055935,0.158107392021596,0.478586299612288,0.0875570341016461,0.0725715701578568,0.323269218716074,1,-0.324305443170764,0.161773709897997,0.316374802459433,0.159627932293166,0.347564958513608,-0.175664725387587,0.198442845807901,0.0523387884608408,0.474362177250809,0.230766948151108,0.111341648174403,0.273282041440118,-0.226036131924698,0.120078035785916,0.373134705435521,-0.295215614351071
"ENT1",0.449711143980524,0.147607076685244,0.312376791843603,-0.180452913118408,0.29238314408765,0.207053799974851,0.22495271998795,0.495569735702156,0.294862642005259,-0.324305443170764,1,0.491032533602777,0.039788647597354,0.326911959784718,0.253150047514473,-0.0678481499459798,0.215933965857015,0.135603102313258,-0.111070464666939,0.0714651944350188,0.193515544008493,0.0508688570313224,0.0527547965751972,-0.173208694602855,-0.364618931471035,0.712381223931342
"MRP2",0.349582333105016,0.0967463471238637,0.657036477516791,-0.139591787523046,0.205038891819663,0.222865150420102,0.221144145901319,0.469140647556591,0.240562725581909,0.161773709897997,0.491032533602777,1,-0.0635929114014311,0.517694596977308,0.0434310105965686,-0.351885301234103,0.126940858460577,0.124029001551946,0.396930151650716,0.148505101280676,-0.116521995261552,0.0799964120985533,-0.0860689833220687,-0.0972434109236858,-0.322025706923581,0.534763895679056
"MRP3",0.354082899465554,0.523728513401082,-0.137092371391615,0.179543110265589,0.457995219971632,0.459737204021298,-0.136118534195045,0.295260186894695,0.448132562229393,0.316374802459433,0.039788647597354,-0.0635929114014311,1,0.31966649038033,0.408705810872963,0.280784235206078,0.625128025124441,0.475097318629271,0.330673766125954,0.638274440657105,0.454216395969442,0.375009451897925,0.0616608880611905,0.382201322250159,0.419048801384462,0.209039170758473
"NTCP",0.448168866514997,0.226308862146397,0.434099041879367,0.167225448427944,0.515533043774699,0.19979176341851,0.103499120926525,0.748860978030393,0.421879498782259,0.159627932293166,0.326911959784718,0.517694596977308,0.31966649038033,1,0.334305808379248,0.0973176191068817,0.400902897431535,0.238855002062275,0.715416065444904,0.27683412044,0.137882453497345,0.154654011027484,0.0162900101071763,0.0246079399715341,0.0674558152010028,0.536701331191622
"OATP1A4",0.407078217184551,0.610263008259005,-0.154094896646388,0.442096732344542,0.207545665230154,0.723602582827406,0.14595433849935,0.314186887092937,0.73191249931129,0.347564958513608,0.253150047514473,0.0434310105965686,0.408705810872963,0.334305808379248,1,-0.0502474893512509,0.471478596774829,0.580675451346394,0.157033459298234,0.500373364295052,0.39124187863772,0.716895250277641,-0.436120685024928,0.297711695084438,0.426935559533592,0.0510837793873266
"OATP2A1",-0.0115128841234521,-0.154248960150267,-0.295868935655601,-0.0708268114387184,0.0464840896422087,-0.0209589238657141,-0.338312249638062,0.152573171547501,-0.0347308424016695,-0.175664725387587,-0.0678481499459798,-0.351885301234103,0.280784235206078,0.0973176191068817,-0.0502474893512509,1,0.169616828947382,0.0677192597182278,0.196976370456179,0.0728257900199887,0.0220104664304938,-0.141541138780471,0.113630190814485,0.150666439105341,-0.0694274420079935,0.238319088957677
"OCT1.2",0.422461063986108,0.68487721322915,-0.0353643067672957,0.200144430024239,0.401699210209931,0.641664774663956,-0.0817000791738171,0.374320706865508,0.508118039156835,0.198442845807901,0.215933965857015,0.126940858460577,0.625128025124441,0.400902897431535,0.471478596774829,0.169616828947382,1,0.408259534855238,0.349467742104416,0.419916602358307,0.350857855557272,0.543284231438666,-0.177814834355823,0.297527191836529,0.284608582084544,0.37608924178161
"UGT1A1",0.386767081781098,0.236193803455849,-0.0432968161157299,0.226181210739056,0.254142937197606,0.610912922437568,0.226457435760582,0.363393965837859,0.589114533584578,0.0523387884608408,0.135603102313258,0.124029001551946,0.475097318629271,0.238855002062275,0.580675451346394,0.0677192597182278,0.408259534855238,1,0.00382720977577505,0.715681289423786,0.51621770893931,0.624495808223673,-0.345580114111084,0.100317539757617,0.384792455322541,0.00608951806983737
"UGT1A6",0.262126411110247,0.365941767743728,0.194650559546578,0.23666052459684,0.182398103023047,0.152105021008493,-0.291089478922391,0.308832937987494,0.189426077563191,0.474362177250809,-0.111070464666939,0.396930151650716,0.330673766125954,0.715416065444904,0.157033459298234,0.196976370456179,0.349467742104416,0.00382720977577505,1,0.254538700800805,-0.0390943110792867,0.181133848447885,-0.139961948508588,0.285478728925564,0.0204455431249781,0.340762793505817
"CYP2C50",0.24863962935746,0.347692422096156,-0.0446346116128114,0.123233728244984,0.358923082339874,0.623180679077262,-0.237389207973804,0.254769290047926,0.532018169566914,0.230766948151108,0.0714651944350188,0.148505101280676,0.638274440657105,0.27683412044,0.500373364295052,0.0728257900199887,0.419916602358307,0.715681289423786,0.254538700800805,1,0.648505591565345,0.573768581593263,-0.465507558013355,0.480378546909034,0.36298750618481,0.152369859025821
"CYP2D9",0.352623988250548,0.30380172770061,-0.0766000579227336,0.278542766006295,0.418041312492397,0.504796731174346,0.182682864474459,0.334922337684351,0.499823171857318,0.111341648174403,0.193515544008493,-0.116521995261552,0.454216395969442,0.137882453497345,0.39124187863772,0.0220104664304938,0.350857855557272,0.51621770893931,-0.0390943110792867,0.648505591565345,1,0.561128415828441,-0.263150920194388,0.263345138466491,0.415554433183098,-0.0273370389911474
"CYP2D10",0.387443173862166,0.719559554062056,-0.211565204676839,0.571422291189952,0.215911156551162,0.733633888868324,0.0970301123679677,0.199383702241336,0.774721777616982,0.273282041440118,0.0508688570313224,0.0799964120985533,0.375009451897925,0.154654011027484,0.716895250277641,-0.141541138780471,0.543284231438666,0.624495808223673,0.181133848447885,0.573768581593263,0.561128415828441,1,-0.634087274352443,0.543937456775739,0.449295805292093,-0.1133067522509
"CYP2D26",-0.256251904982485,-0.443427764480905,0.166644352258203,-0.386535719830608,0.111229570694578,-0.442012797903284,0.157208940451027,0.145086510712793,-0.452220128580212,-0.226036131924698,0.0527547965751972,-0.0860689833220687,0.0616608880611905,0.0162900101071763,-0.436120685024928,0.113630190814485,-0.177814834355823,-0.345580114111084,-0.139961948508588,-0.465507558013355,-0.263150920194388,-0.634087274352443,1,-0.511555735783602,-0.348034536756895,0.210333548199743
"CYP2F2",0.0932779510375019,0.421428258878178,-0.206147787085386,0.248360501993924,0.108072049349015,0.318287195679224,-0.362234124099289,-0.212353386062663,0.300726034087594,0.120078035785916,-0.173208694602855,-0.0972434109236858,0.382201322250159,0.0246079399715341,0.297711695084438,0.150666439105341,0.297527191836529,0.100317539757617,0.285478728925564,0.480378546909034,0.263345138466491,0.543937456775739,-0.511555735783602,1,0.36030498483253,-0.0501258298846496
"UGT2A2",0.180838346381226,0.380466163533669,-0.387644072864626,0.355001811132556,0.290154833154768,0.392833491081273,0.305813491440193,0.0226161440451673,0.469445385071147,0.373134705435521,-0.364618931471035,-0.322025706923581,0.419048801384462,0.0674558152010028,0.426935559533592,-0.0694274420079935,0.284608582084544,0.384792455322541,0.0204455431249781,0.36298750618481,0.415554433183098,0.449295805292093,-0.348034536756895,0.36030498483253,1,-0.54994392114683
"ATPASE",0.248470541356268,0.071219901243798,0.334334520521853,-0.427325591088614,0.174548901336652,0.0902926266487195,-0.290245463411563,0.495994936787532,0.0780088844158522,-0.295215614351071,0.712381223931342,0.534763895679056,0.209039170758473,0.536701331191622,0.0510837793873266,0.238319088957677,0.37608924178161,0.00608951806983737,0.340762793505817,0.152369859025821,-0.0273370389911474,-0.1133067522509,0.210333548199743,-0.0501258298846496,-0.54994392114683,1
