"","MRP2","UGT2A2","ATPASE","OCT1.2","OATP2A1","ABCB4","CYP2F2","MRP3","CYP2C9","BSEP","CYP3A11","CYP2D9","CYP1A2","CES1","ENT1","NTCP","UGT1A1","UGT1A6","CYP2C50","CYP2D26","CYP2C39","CYP2D10","BCRP","CYP2E1","CYP2C29","OATP1A4"
"MRP2",1,-0.11315903675831,0.222497050360952,0.0641653904633098,-0.229960852947941,0.0943058530444398,-0.0727951239056435,-0.0898438486494536,0.34347915535677,0.411115023491555,-0.071928082079217,-0.171194565824244,0.255948171108154,-0.228440507555582,0.266558348221652,0.142273868958702,0.11823961513513,0.198440990686299,0.202046618986527,-0.0474362450206173,0.17110402571309,0.0612749547232825,-0.00407478137121825,0.142461525172346,0.149446210577038,-0.0852168382791496
"UGT2A2",-0.11315903675831,1,-0.409888045453778,0.281451616247592,-0.0201080176039478,0.152395968907492,0.111248070521067,0.23742936692021,0.0112043286053078,-0.425025945199443,0.206476116728177,0.295278608364351,0.354914021346178,0.0740176001108212,-0.160836059116219,0.00355883737889496,0.240195747759039,-0.101391148241394,-0.00716346706174789,-0.393105406579299,0.144865467161404,0.438385906446346,0.352924315769896,0.433298946528226,0.392440403822297,0.403235140715787
"ATPASE",0.222497050360952,-0.409888045453778,1,0.187388253317766,0.178341063272199,0.117316674401825,-0.0221132796615665,0.2341033598077,0.338332324589128,0.28709470428749,-0.0647977783096314,-0.00500394289801123,0.0736489431137765,-0.305028444835025,0.478148947073933,0.288047645896305,-0.00190751875175114,0.157473634348858,0.0173848671037859,0.274496299241581,0.0913042478277235,-0.199345176532422,-0.0811305698955385,-0.0516345592563046,-0.0309187918139857,-0.0696982994285826
"OCT1.2",0.0641653904633098,0.281451616247592,0.187388253317766,1,-0.099595468952762,0.516852350443711,0.0464471865567413,0.48445783961976,0.381310131418888,-0.100861969033225,0.204422244997711,0.317979538729165,0.375844677478982,0.0947979281251114,0.223743351969129,0.0846487596448298,0.229770353491834,0.258886288933755,-0.00321927783059903,-0.221903778735072,0.107183009581433,0.48667467585241,0.446474304812962,0.499860062215507,0.573999576415186,0.453717313691984
"OATP2A1",-0.229960852947941,-0.0201080176039478,0.178341063272199,-0.099595468952762,1,-0.289725306636842,0.223894273246526,0.225450205579339,-0.0703336839699026,-0.0980877917658583,0.037679222783927,0.107045084387698,-0.0632262398475155,0.0305277651407283,-0.184365988708682,0.103724877424211,0.0383662278528679,0.0948498895678263,-0.00358564037867513,0.128358623236842,-0.251232147152393,-0.123851612831723,-0.126859309018933,-0.163067448230093,-0.0891543167460529,-0.0444287805788962
"ABCB4",0.0943058530444398,0.152395968907492,0.117316674401825,0.516852350443711,-0.289725306636842,1,-0.0176265489151411,0.414888112640133,0.501389907954286,0.00387428138036789,0.16947696974641,0.382665000391824,0.388839618786049,0.128034551212906,0.410268308380888,0.0693366266472582,0.203710146781022,0.155278949980427,-0.0942203389410019,-0.341689401867874,0.206381865812277,0.398526828426173,0.398278490917867,0.622118906515323,0.401126359176291,0.404068731715187
"CYP2F2",-0.0727951239056435,0.111248070521067,-0.0221132796615665,0.0464471865567413,0.223894273246526,-0.0176265489151411,1,0.204810342561356,-0.173900227922165,-0.0347693619530716,0.120775615771862,0.207908814874299,0.00766486643169021,0.204616739829716,-0.156853236220593,-0.081584586994487,0.05879405820075,0.246633135092215,0.179806068275351,-0.345851698779739,-0.283106295344492,0.429444487831278,0.387282134521461,0.223354733394183,0.253104339611847,0.328224463648641
"MRP3",-0.0898438486494536,0.23742936692021,0.2341033598077,0.48445783961976,0.225450205579339,0.414888112640133,0.204810342561356,1,0.317204955565847,-0.119605636428132,0.408237586076691,0.412149067401988,0.39525753307386,0.169578018107761,0.0837462546221405,0.25603847223813,0.308573576171152,0.233823739638737,0.223041149088512,-0.0564929949199072,-0.051953528554665,0.303420732008406,0.3757968514051,0.435771223803115,0.402242305648181,0.401694232949359
"CYP2C9",0.34347915535677,0.0112043286053078,0.338332324589128,0.381310131418888,-0.0703336839699026,0.501389907954286,-0.173900227922165,0.317204955565847,1,0.174017098804511,0.165599375916033,0.327724661140367,0.61008031286675,-0.0347517617957499,0.360164978029052,0.384048895576542,0.224630349585193,0.219612944131416,0.0305284511823359,0.0674012146415651,0.257163341650334,0.210912106662294,0.132136425880616,0.578053169936826,0.37590881093704,0.243468353073486
"BSEP",0.411115023491555,-0.425025945199443,0.28709470428749,-0.100861969033225,-0.0980877917658583,0.00387428138036789,-0.0347693619530716,-0.119605636428132,0.174017098804511,1,0.00370779477973647,-0.109470126099079,-0.0647972698706179,0.0508552484675698,0.092537630963456,0.341894867787341,0.0308717264518095,0.158217416317682,-0.0572249990027251,0.327675387621787,0.237860588588711,-0.34274214754302,-0.387739252885424,-0.280370767765505,-0.261925097034412,-0.343222176060743
"CYP3A11",-0.071928082079217,0.206476116728177,-0.0647977783096314,0.204422244997711,0.037679222783927,0.16947696974641,0.120775615771862,0.408237586076691,0.165599375916033,0.00370779477973647,1,0.269593568351088,0.212304549328426,0.347142183360624,-0.12732214764388,0.250289149486342,0.0600390609775757,0.35578922209385,0.0789769674076603,-0.113090742845891,0.0997420124532756,0.270022940089207,0.455668499121035,0.340603013421736,0.455969292267466,0.34770970334212
"CYP2D9",-0.171194565824244,0.295278608364351,-0.00500394289801123,0.317979538729165,0.107045084387698,0.382665000391824,0.207908814874299,0.412149067401988,0.327724661140367,-0.109470126099079,0.269593568351088,1,0.359508215897974,0.15130775326045,0.170042082996814,0.0641944659214563,0.331541676145843,-0.0104531059403922,0.108212040797997,-0.27729682532121,0.0194306213699905,0.471947613069471,0.294466128015946,0.490637770157249,0.46630241607495,0.441278080758743
"CYP1A2",0.255948171108154,0.354914021346178,0.0736489431137765,0.375844677478982,-0.0632262398475155,0.388839618786049,0.00766486643169021,0.39525753307386,0.61008031286675,-0.0647972698706179,0.212304549328426,0.359508215897974,1,0.0422922572664323,0.303685244793112,0.270475966793647,0.0842547212242702,0.036537358795685,0.171133451680135,-0.0857308068650921,0.150521542983728,0.305788656844319,0.318884537856695,0.543928594975429,0.490531203766487,0.276875734659997
"CES1",-0.228440507555582,0.0740176001108212,-0.305028444835025,0.0947979281251114,0.0305277651407283,0.128034551212906,0.204616739829716,0.169578018107761,-0.0347517617957499,0.0508552484675698,0.347142183360624,0.15130775326045,0.0422922572664323,1,-0.102667987328558,0.224792909054801,0.10600934919323,0.179964775833373,0.228062699705361,-0.265993245352527,0.0332736182188914,0.39701980259825,0.374800610763195,0.291525680174625,0.225097123453079,0.325743719639358
"ENT1",0.266558348221652,-0.160836059116219,0.478148947073933,0.223743351969129,-0.184365988708682,0.410268308380888,-0.156853236220593,0.0837462546221405,0.360164978029052,0.092537630963456,-0.12732214764388,0.170042082996814,0.303685244793112,-0.102667987328558,1,0.174769001889288,0.0943434583422249,-0.0968068700068881,0.0958123038241231,-0.0631082465669183,0.254636012721245,0.141903482616848,0.213919822466878,0.323584767146724,0.291406716761955,0.302323808064687
"NTCP",0.142273868958702,0.00355883737889496,0.288047645896305,0.0846487596448298,0.103724877424211,0.0693366266472582,-0.081584586994487,0.25603847223813,0.384048895576542,0.341894867787341,0.250289149486342,0.0641944659214563,0.270475966793647,0.224792909054801,0.174769001889288,1,0.247175181816005,0.405090849679428,0.185110545115141,0.244509120575133,0.20545282965252,-0.113449977629582,-0.0615660721467484,-0.00590795658509187,-0.00610624110917615,0.0140121920278571
"UGT1A1",0.11823961513513,0.240195747759039,-0.00190751875175114,0.229770353491834,0.0383662278528679,0.203710146781022,0.05879405820075,0.308573576171152,0.224630349585193,0.0308717264518095,0.0600390609775757,0.331541676145843,0.0842547212242702,0.10600934919323,0.0943434583422249,0.247175181816005,1,0.0850447350606968,0.276516517752208,-0.208979930834604,0.185224887030489,0.397065728802164,0.147006162982827,0.354924346511968,0.434329535136106,0.407898080241666
"UGT1A6",0.198440990686299,-0.101391148241394,0.157473634348858,0.258886288933755,0.0948498895678263,0.155278949980427,0.246633135092215,0.233823739638737,0.219612944131416,0.158217416317682,0.35578922209385,-0.0104531059403922,0.036537358795685,0.179964775833373,-0.0968068700068881,0.405090849679428,0.0850447350606968,1,0.0363242157184752,-0.0268747874541317,-0.198497333009647,0.118319860867725,0.241863490337772,0.0903702192721771,0.0811160808377449,0.0744647423469561
"CYP2C50",0.202046618986527,-0.00716346706174789,0.0173848671037859,-0.00321927783059903,-0.00358564037867513,-0.0942203389410019,0.179806068275351,0.223041149088512,0.0305284511823359,-0.0572249990027251,0.0789769674076603,0.108212040797997,0.171133451680135,0.228062699705361,0.0958123038241231,0.185110545115141,0.276516517752208,0.0363242157184752,1,-0.209759422988396,-0.180519492423539,0.216794617036431,0.21950749166247,0.166639376837221,0.336699116953975,0.21888904173431
"CYP2D26",-0.0474362450206173,-0.393105406579299,0.274496299241581,-0.221903778735072,0.128358623236842,-0.341689401867874,-0.345851698779739,-0.0564929949199072,0.0674012146415651,0.327675387621787,-0.113090742845891,-0.27729682532121,-0.0857308068650921,-0.265993245352527,-0.0631082465669183,0.244509120575133,-0.208979930834604,-0.0268747874541317,-0.209759422988396,1,0.231242774111637,-0.680125452109166,-0.635786011366284,-0.599040408829772,-0.548823900665168,-0.594539565722712
"CYP2C39",0.17110402571309,0.144865467161404,0.0913042478277235,0.107183009581433,-0.251232147152393,0.206381865812277,-0.283106295344492,-0.051953528554665,0.257163341650334,0.237860588588711,0.0997420124532756,0.0194306213699905,0.150521542983728,0.0332736182188914,0.254636012721245,0.20545282965252,0.185224887030489,-0.198497333009647,-0.180519492423539,0.231242774111637,1,-0.106772692691402,-0.249764476707986,0.0829854375298981,0.0355872239233719,-0.0428957480900934
"CYP2D10",0.0612749547232825,0.438385906446346,-0.199345176532422,0.48667467585241,-0.123851612831723,0.398526828426173,0.429444487831278,0.303420732008406,0.210912106662294,-0.34274214754302,0.270022940089207,0.471947613069471,0.305788656844319,0.39701980259825,0.141903482616848,-0.113449977629582,0.397065728802164,0.118319860867725,0.216794617036431,-0.680125452109166,-0.106772692691402,1,0.810797396797559,0.837006314225329,0.821003722908441,0.843251070809036
"BCRP",-0.00407478137121825,0.352924315769896,-0.0811305698955385,0.446474304812962,-0.126859309018933,0.398278490917867,0.387282134521461,0.3757968514051,0.132136425880616,-0.387739252885424,0.455668499121035,0.294466128015946,0.318884537856695,0.374800610763195,0.213919822466878,-0.0615660721467484,0.147006162982827,0.241863490337772,0.21950749166247,-0.635786011366284,-0.249764476707986,0.810797396797559,1,0.7519345284085,0.732674915747775,0.782877662021177
"CYP2E1",0.142461525172346,0.433298946528226,-0.0516345592563046,0.499860062215507,-0.163067448230093,0.622118906515323,0.223354733394183,0.435771223803115,0.578053169936826,-0.280370767765505,0.340603013421736,0.490637770157249,0.543928594975429,0.291525680174625,0.323584767146724,-0.00590795658509187,0.354924346511968,0.0903702192721771,0.166639376837221,-0.599040408829772,0.0829854375298981,0.837006314225329,0.7519345284085,1,0.826729780043899,0.803702167483304
"CYP2C29",0.149446210577038,0.392440403822297,-0.0309187918139857,0.573999576415186,-0.0891543167460529,0.401126359176291,0.253104339611847,0.402242305648181,0.37590881093704,-0.261925097034412,0.455969292267466,0.46630241607495,0.490531203766487,0.225097123453079,0.291406716761955,-0.00610624110917615,0.434329535136106,0.0811160808377449,0.336699116953975,-0.548823900665168,0.0355872239233719,0.821003722908441,0.732674915747775,0.826729780043899,1,0.82063017632988
"OATP1A4",-0.0852168382791496,0.403235140715787,-0.0696982994285826,0.453717313691984,-0.0444287805788962,0.404068731715187,0.328224463648641,0.401694232949359,0.243468353073486,-0.343222176060743,0.34770970334212,0.441278080758743,0.276875734659997,0.325743719639358,0.302323808064687,0.0140121920278571,0.407898080241666,0.0744647423469561,0.21888904173431,-0.594539565722712,-0.0428957480900934,0.843251070809036,0.782877662021177,0.803702167483304,0.82063017632988,1
