"Protein","PC1","PC2","PC1_plot","PC2_plot"
"OATP2A1",0.00272998237754543,-0.0232049381081341,0.0111977592126941,-0.0951813138493535
"NTCP",-0.13247177725783,0.517270971348039,-0.54336873249144,2.12172643769212
"ATPASE",0.0424333452442033,0.664889548829834,0.174051813133288,2.72722385758675
"MRP2",-0.0870718858488838,0.514509076128613,-0.357148829952388,2.11039777934905
"UGT2A2",-0.48619890797254,-0.354390964901773,-1.99427598717557,-1.45363014969072
"OCT1.2",-0.642538446579202,0.172204002004554,-2.6355447818537,0.706341171199448
"ABCB4",-0.6065606677741,0.329212926213143,-2.48797221604493,1.35035563150988
"MRP3",-0.532336701866266,0.169827180282747,-2.18352259582635,0.696591995691501
"CYP3A11",-0.456639603756194,-0.0270167423637956,-1.87303052646054,-0.110816457347678
"CYP2F2",-0.308868891884042,-0.372613584346292,-1.26690908632123,-1.52837513941763
"CYP2D9",-0.593523966077735,0.0390628619938992,-2.43449866701241,0.16022686679746
"BSEP",0.242387265758924,0.594051712573595,0.994216761440089,2.43666336163996
"CYP2C9",-0.487989577510873,0.673646883311591,-2.00162090137161,2.76314442750629
"CYP1A2",-0.572954563100558,0.354917966665714,-2.35012771151401,1.45579178959939
"CES1",-0.369044400991908,-0.218920582787833,-1.51373517099985,-0.897961830422119
"UGT1A6",-0.211790241676713,0.158011665760459,-0.868714812740457,0.648127475303776
"ENT1",-0.284217417284856,0.546599940961189,-1.16579441280905,2.24202711889277
"UGT1A1",-0.464723328849248,0.136250287151714,-1.90618810574683,0.558867310182822
"CYP2D26",0.58094645058288,0.463315023977654,2.38290859406404,1.90041156338528
"BCRP",-0.771035936148354,-0.247922692964291,-3.16261190121173,-1.01692180946345
"CYP2C50",-0.338369111725709,-0.0480708318058825,-1.38791219653382,-0.197175485140007
"OATP1A4",-0.799603601103267,-0.130388319365404,-3.27978988597281,-0.534822867873023
"CYP2E1",-0.9277312719456,0.0717452676961109,-3.80534009405355,0.294282570803138
"CYP2C39",-0.0506024537099777,0.457414849540522,-0.207559615357408,1.87621040618979
"CYP2D10",-0.849975496608854,-0.297740504017673,-3.48640380465521,-1.22126300128492
"CYP2C29",-0.887763450662842,-0.0277091642468762,-3.64140129259407,-0.113656612501832
