"Strain","PC1","PC2","Cluster"
"CC050",-39.2227229816287,-0.907687673888161,"Cluster 1"
"CC032",-213.894051128022,-29.0870912290936,"Cluster 2"
"CC036",-6.7976928575035,-75.9636143576833,"Cluster 1"
"CC030",-48.0035738987554,-31.0087905875783,"Cluster 1"
"CC043",157.931834628579,153.144740063722,"Cluster 3"
"CC016",-22.2472420350133,-1.90109964341677,"Cluster 1"
"CC033",-21.4141124962224,-97.8766069906396,"Cluster 1"
"CC042",-147.7218920743,51.1550031652434,"Cluster 2"
"CC003",-221.814343019783,119.486175181989,"Cluster 2"
"CC007",-83.4724007296166,-112.342253518521,"Cluster 1"
"CC006",-228.73077200647,32.783419075177,"Cluster 2"
"CC039",-1.26396889582533,67.5724221354655,"Cluster 3"
"CC004",186.441435794576,119.299726534293,"Cluster 3"
"CC001",-74.5846170448648,-11.9578037777576,"Cluster 1"
"CC041",-135.045281255327,33.9643217942073,"Cluster 2"
"CC019",-3.8534480872602,-40.2709399522922,"Cluster 1"
"CC040",0.469339612213114,-18.6416714699562,"Cluster 1"
"CC051",30.7065554421675,25.7833689535486,"Cluster 3"
"CC002",158.323895953742,152.914478249643,"Cluster 3"
"CC010",-99.5144705062998,134.521588728524,"Cluster 2"
"CC005",13.2430628441521,-27.4411730143228,"Cluster 1"
"CC015",51.4839193849345,-112.773542091485,"Cluster 1"
"CC035",34.4791632525318,42.4142380957605,"Cluster 3"
"CC063",175.900786847877,132.123745145092,"Cluster 3"
"CC047",-47.4243042050761,119.312140617759,"Cluster 2"
"CC024",27.8556633283888,-60.9686166129127,"Cluster 1"
"CC028",33.7936155339007,86.4546508770309,"Cluster 3"
"CC027",-104.599013397393,-88.2358438467188,"Cluster 1"
"CC008",-117.24153568357,33.286409515358,"Cluster 2"
"CC022",-6.80904042251752,-38.9660586427293,"Cluster 1"
"CC061",45.4335719234045,-117.350271267033,"Cluster 1"
"CC038",-40.535711066368,-62.8062021312807,"Cluster 1"
"CC052",39.2411000328039,75.2719037932199,"Cluster 3"
"CC065",110.267212170526,30.6146222661808,"Cluster 3"
"CC013",59.9536958753584,-43.9248891974494,"Cluster 1"
"CC023",-15.2152535488041,-14.8949879605629,"Cluster 1"
"CC012",102.193914362196,-7.92343112564027,"Cluster 3"
"CC059",95.6268496021884,-3.26885799969671,"Cluster 3"
"CC055",-14.4033604985231,-11.7220857527507,"Cluster 1"
"CC017",155.639762248552,-85.4809376514623,"Cluster 1"
"CC018",9.14792952921695,25.5137404509674,"Cluster 3"
"CC053",193.985919011828,-170.86009522638,"Cluster 1"
"CC011",42.0578026627427,-140.338394921777,"Cluster 1"
"CC057",11.4125209547766,-29.7891689279194,"Cluster 1"
"CC014",-41.7807431575093,1.08542092776497,"Cluster 1"
