"Strain","Cluster"
"CC050","Cluster 1"
"CC032","Cluster 1"
"CC036","Cluster 1"
"CC030","Cluster 1"
"CC043","Cluster 1"
"CC016","Cluster 1"
"CC033","Cluster 1"
"CC042","Cluster 1"
"CC003","Cluster 1"
"CC007","Cluster 1"
"CC006","Cluster 1"
"CC039","Cluster 1"
"CC004","Cluster 1"
"CC001","Cluster 1"
"CC041","Cluster 1"
"CC019","Cluster 2"
"CC040","Cluster 2"
"CC051","Cluster 2"
"CC002","Cluster 2"
"CC010","Cluster 2"
"CC005","Cluster 2"
"CC015","Cluster 2"
"CC035","Cluster 2"
"CC063","Cluster 2"
"CC047","Cluster 2"
"CC024","Cluster 2"
"CC028","Cluster 2"
"CC027","Cluster 2"
"CC008","Cluster 2"
"CC022","Cluster 2"
"CC061","Cluster 2"
"CC038","Cluster 2"
"CC052","Cluster 2"
"CC065","Cluster 2"
"CC013","Cluster 2"
"CC023","Cluster 2"
"CC012","Cluster 2"
"CC059","Cluster 2"
"CC055","Cluster 2"
"CC017","Cluster 2"
"CC018","Cluster 2"
"CC053","Cluster 2"
"CC011","Cluster 2"
"CC057","Cluster 2"
"CC014","Cluster 2"
