"Protein","Chr","Locus","Mb","P.Val","CI.Start","CI.End","Subset","Threshold","Adjusted_P.val","offset","x","key","global_idx","tier"
"ENT1","17","UNC27944457",47.348891,2.62221621149983e-06,28.905824,47.90003292,"full",0.95,0.0154341275063264,2256.361129,2303.71002,"17|47.34889100",6691,"95% significant"
"NTCP","2","UNC2678323",19.6512,4.31731218040714e-06,19.16682777,20.702195,"full",0.95,0.0245463797494504,198.190413,217.841613,"2|19.65120000",607,"95% significant"
"CYP2C50","19","UNC30282360",37.991484,3.88937198981662e-13,37.446651,48.46833,"full",0.95,2.22044604925031e-16,2446.088446,2484.07993,"19|37.99148400",7283,"95% significant"
"CYP2C50","3","UNC5366241",60.506541,1.29858257877628e-06,47.17003874,87.620951,"full",0.95,0.00532225922174878,383.036213,443.542754,"3|60.50654100",1261,"95% significant"
"CYP2E1","3","JAX00107960",59.859234,6.03661760631028e-06,15.00209268,66.49324344,"full",0.95,0.0357008037692581,383.036213,442.895447,"3|59.85923400",1260,"95% significant"
"CYP2C29","6","UNC10908306",38.185474,7.28003609263403e-06,36.72780516,144.322037,"full",0.95,0.040156696741889,859.153347,897.338821,"6|38.18547400",2549,"95% significant"
"BSEP","16","UNC26665635",38.153547,3.31920488574904e-07,35.143724,43.736604,"full",0.95,0.0014843439924308,2155.43111,2193.584657,"16|38.15354700",6393,"95% significant"
"CYP2C39","19","JAX00214946",39.930549,5.40125612492243e-19,38.203233,40.364531,"full",0.95,2.22044604925031e-16,2446.088446,2486.018995,"19|39.93054900",7289,"95% significant"
"CYP3A11","3","UNC5114998",41.343695,4.65360636471658e-06,38.04278127,104.20504214,"full",0.95,0.024803305697263,383.036213,424.379908,"3|41.34369500",1207,"95% significant"
"CYP3A11","6","UNC11092470",52.953423,5.01997803298632e-06,18.042549,64.6178219000004,"full",0.95,0.0266674714456014,859.153347,912.10677,"6|52.95342300",2586,"95% significant"
