"Protein","H2","CI_low","CI_high","p_value","n_observations","n_strains","transformation","bootstrap_success","h2_label","p_value_bonferroni","p_value_BH","p_label","y"
"MRP2",0.308905837952632,0.100384758058778,0.463904682152541,1.03697735787824e-05,180,45,"Replicate-level Box-Cox (repbc_v1)",200,"0.31 (0.10, 0.46)",0.000269614113048342,1.03697735787824e-05,"1.04e-05",1
"ATPASE",0.329944095913067,0.19984480329544,0.47760989220287,2.58633668574576e-06,180,45,"Replicate-level Box-Cox (repbc_v1)",200,"0.33 (0.20, 0.48)",6.72447538293897e-05,2.68979015317559e-06,"2.69e-06",2
"UGT2A2",0.33954360179417,0.203311214580803,0.474883393322094,1.50220298978395e-06,179,45,"Replicate-level Box-Cox (repbc_v1)",200,"0.34 (0.20, 0.47)",3.90572777343827e-05,1.62738657226595e-06,"1.63e-06",3
"OATP2A1",0.381776004263975,0.215768826705294,0.516581897942662,5.80630092147471e-08,180,45,"Replicate-level Box-Cox (repbc_v1)",200,"0.38 (0.22, 0.52)",1.50963823958342e-06,6.56364451992793e-08,"6.56e-08",4
"OCT1.2",0.418107860913605,0.285165220284381,0.557240724991112,2.88061087699748e-09,180,45,"Replicate-level Box-Cox (repbc_v1)",200,"0.42 (0.29, 0.56)",7.48958828019345e-08,3.40435830917884e-09,"3.40e-09",5
"ABCB4",0.461451132695521,0.279489289032283,0.613484802240926,5.31509232520387e-11,180,45,"Replicate-level Box-Cox (repbc_v1)",200,"0.46 (0.28, 0.61)",1.38192400455301e-09,6.58059049787146e-11,"6.58e-11",6
"MRP3",0.513832761715224,0.375006252424109,0.642655557033203,2.17488718415905e-13,180,45,"Replicate-level Box-Cox (repbc_v1)",200,"0.51 (0.38, 0.64)",5.65470667881352e-12,2.82735333940676e-13,"2.83e-13",7
"CYP2F2",0.551027472943619,0.407681555832578,0.663626397089735,2.78961658714927e-15,179,45,"Replicate-level Box-Cox (repbc_v1)",200,"0.55 (0.41, 0.66)",7.2530031265881e-14,3.81737006662532e-15,"3.82e-15",8
"CYP2D9",0.568289167221278,0.430543589346565,0.68272505246271,3.43410223903821e-16,179,45,"Replicate-level Box-Cox (repbc_v1)",200,"0.57 (0.43, 0.68)",8.92866582149935e-15,4.96036990083297e-16,"4.96e-16",9
"CYP2C9",0.575403107957621,0.418321795536112,0.6939551731066,1.10296080988746e-16,180,45,"Replicate-level Box-Cox (repbc_v1)",200,"0.58 (0.42, 0.69)",2.86769810570739e-15,1.68688123865141e-16,"1.69e-16",10
"BSEP",0.575483968765267,0.410148903687759,0.694054479978932,1.09102277675091e-16,180,45,"Replicate-level Box-Cox (repbc_v1)",200,"0.58 (0.41, 0.69)",2.83665921955238e-15,1.68688123865141e-16,"1.69e-16",11
"CYP3A11",0.600963471172723,0.439937327981319,0.713212165852705,3.08880041715074e-18,180,45,"Replicate-level Box-Cox (repbc_v1)",200,"0.60 (0.44, 0.71)",8.03088108459193e-17,5.35392072306128e-18,"5.35e-18",12
"CYP1A2",0.62480484124235,0.492513263924622,0.746848654011458,8.44893568323807e-20,180,45,"Replicate-level Box-Cox (repbc_v1)",200,"0.62 (0.49, 0.75)",2.1967232776419e-18,1.5690880554585e-19,"1.57e-19",13
"CES1",0.650117128166373,0.525506401313009,0.745687112252434,1.3514612011046e-21,180,45,"Replicate-level Box-Cox (repbc_v1)",200,"0.65 (0.53, 0.75)",3.51379912287197e-20,2.70292240220921e-21,"2.70e-21",14
"NTCP",0.71548612952639,0.581548388491473,0.791395937999139,4.88443944626181e-27,180,45,"Replicate-level Box-Cox (repbc_v1)",200,"0.72 (0.58, 0.79)",1.26995425602807e-25,1.05829521335672e-26,"1.06e-26",15
"ENT1",0.740785333295028,0.634784733429627,0.81538102135239,1.54333549561182e-29,180,45,"Replicate-level Box-Cox (repbc_v1)",200,"0.74 (0.63, 0.82)",4.01267228859074e-28,3.64788389871885e-29,"3.65e-29",16
"UGT1A6",0.74448050897883,0.632112707661855,0.824837053934766,6.31851222836985e-30,180,45,"Replicate-level Box-Cox (repbc_v1)",200,"0.74 (0.63, 0.82)",1.64281317937616e-28,1.64281317937616e-29,"1.64e-29",17
"UGT1A1",0.765310267104498,0.670129259083539,0.844820649112325,3.10380041505192e-32,180,45,"Replicate-level Box-Cox (repbc_v1)",200,"0.77 (0.67, 0.84)",8.069881079135e-31,8.96653453237222e-32,"8.97e-32",18
"CYP2D26",0.796537823827467,0.70331777432167,0.856205838093128,5.04347491104792e-36,179,45,"Replicate-level Box-Cox (repbc_v1)",200,"0.80 (0.70, 0.86)",1.31130347687246e-34,1.63912934609058e-35,"1.64e-35",19
"CYP2C50",0.851122813482005,0.777655993792668,0.89728213994547,1.21974824103116e-44,179,45,"Replicate-level Box-Cox (repbc_v1)",200,"0.85 (0.78, 0.90)",3.17134542668101e-43,4.53049346668715e-44,"4.53e-44",20
"BCRP",0.873135027195978,0.78523693020691,0.914106331291446,2.2377468570667e-49,180,45,"Replicate-level Box-Cox (repbc_v1)",200,"0.87 (0.79, 0.91)",5.81814182837343e-48,9.69690304728904e-49,"9.70e-49",21
"CYP2E1",0.897486688690771,0.835461226336832,0.927152424060344,1.93889336535797e-55,180,45,"Replicate-level Box-Cox (repbc_v1)",200,"0.90 (0.84, 0.93)",5.04112274993071e-54,1.00822454998614e-54,"1.01e-54",22
"CYP2C39",0.904988129144319,0.85266419363431,0.938719050104953,1.30527081573012e-57,180,45,"Replicate-level Box-Cox (repbc_v1)",200,"0.90 (0.85, 0.94)",3.39370412089832e-56,8.48426030224579e-57,"8.48e-57",23
"CYP2D10",0.919917220533126,0.868531189121292,0.951102283174727,4.00995653599215e-62,179,45,"Replicate-level Box-Cox (repbc_v1)",200,"0.92 (0.87, 0.95)",1.04258869935796e-60,3.47529566452653e-61,"3.48e-61",24
"CYP2C29",0.929265029970767,0.884708390356955,0.952660530797946,4.37903613355083e-66,180,45,"Replicate-level Box-Cox (repbc_v1)",200,"0.93 (0.88, 0.95)",1.13854939472322e-64,5.69274697361608e-65,"5.69e-65",25
"OATP1A4",0.940991987206275,0.909862071595109,0.961866317540258,2.56336264276382e-71,180,45,"Replicate-level Box-Cox (repbc_v1)",200,"0.94 (0.91, 0.96)",6.66474287118594e-70,6.66474287118594e-70,"6.66e-70",26
