Protein,lambda_,lead_chr,lead_Mb,lead_P,lead_adj_P,n_significant_peaks,pqtl_type,protein_H2,protein_H2_CI_low,protein_H2_CI_high,protein_H2_BH_P,transcript,transcript_pair_status,transcript_H2,transcript_H2_CI_low,transcript_H2_CI_high,transcript_H2_BH_P,eQTL_top_locus,eQTL_top_pvalue,combined_Fisher_pvalue,combined_Fisher_qvalue
ATPASE,0.64,6,139.858125,0.000256531638445801,0.499260786000773,0,,0.329944095913067,0.19984480329544,0.47760989220287,2.68979015317559e-06,Atp1a1,paired,0.510071683919622,0.36400813165781,0.635947341799761,1.49236290066446e-12,UNC15620182,3.016e-04,1.344e-06,1.544e-06
ABCB4,0.9,3,46.190971,0.000282800041998366,0.541739391400246,0,,0.461451132695521,0.279489289032283,0.613484802240926,6.58059049787146e-11,Abcb4,paired,0.280229869215,0.101028804323848,0.418578199303139,0.000136677714944937,JAX00393151,8.074e-04,3.720e-06,3.720e-06
BCRP,0.13,3,61.220059,6.73129300108474e-05,0.231065248517212,0,,0.873135027195978,0.78523693020691,0.914106331291446,9.69690304728904e-49,Abcg2,paired,0.473198062635501,0.318861951036908,0.59993354081214,6.32789291940434e-09,JAX00582322,1.155e-03,1.351e-06,1.544e-06
BSEP,0.55,16,38.153547,3.31920488574904e-07,0.0014843439924308,2,trans,0.575483968765267,0.410148903687759,0.694054479978932,1.68688123865141e-16,Abcb11,paired,0.220467847024736,0.0649105596245248,0.359581891541188,0.00423671164160101,JAX00108339,1.037e-04,8.639e-10,3.455e-09
CES1,0.59,16,28.266085,0.00041464903048542,0.635091030719132,0,,0.650117128166373,0.525506401313009,0.745687112252434,2.70292240220921e-21,,no_pair,NA,NA,NA,NA,,  NA,  NA,  NA
CYP1A2,0.34,10,24.695264,7.59618675406903e-05,0.247727311408827,0,,0.62480484124235,0.492513263924622,0.746848654011458,1.5690880554585e-19,Cyp1a2,paired,0.16025727788906,0.019780849096914,0.299853901287262,0.0198572340937896,UNC6582126,8.833e-04,1.175e-06,1.485e-06
CYP2C29,0.0499999999999998,6,38.185474,7.28003609263403e-06,0.040156696741889,1,trans,0.929265029970767,0.884708390356955,0.952660530797946,5.69274697361608e-65,Cyp2c29,paired,0.328487748018579,0.158827053563961,0.46789833193243,1.47452873563878e-05,UNC17083073,1.282e-04,2.034e-08,4.765e-08
CYP2C39,0.19,19,39.930549,5.40125612492243e-19,2.22044604925031e-16,1,cis,0.904988129144319,0.85266419363431,0.938719050104953,8.48426030224579e-57,Cyp2c39,paired,0.688464730663367,0.552505975589851,0.785409276960154,1.38294386748131e-23,UNC30286399,6.957e-06,2.064e-22,4.954e-21
CYP2C9,0.12,12,113.583533,1.73217786595118e-05,0.0867864314677914,1,,0.575403107957621,0.418321795536112,0.6939551731066,1.68688123865141e-16,,no_pair,NA,NA,NA,NA,,  NA,  NA,  NA
CYP2C50,0.21,19,37.991484,3.88937198981662e-13,2.22044604925031e-16,2,cis/trans,0.851122813482005,0.777655993792668,0.89728213994547,4.53049346668715e-44,Cyp2c50 /// Cyp2c54,paired_shared_probe,0.417957979309688,0.243878786004054,0.560002131152132,1.70434865755565e-08,JAX00695246,1.249e-04,1.873e-15,2.248e-14
CYP2D9,0.16,14,28.936111,5.90956337332683e-05,0.20422991492305,0,,0.568289167221278,0.430543589346565,0.68272505246271,4.96036990083297e-16,Cyp2d9,paired,0.414098517631475,0.266035050076028,0.552941444520052,1.43060676978616e-08,UNC26731863,1.941e-05,2.476e-08,4.765e-08
CYP2D10,-0.0600000000000001,15,83.558282,0.000169637852920863,0.405201190898606,0,,0.919917220533126,0.868531189121292,0.951102283174727,3.47529566452653e-61,Cyp2d10,paired,0.207303298017507,0.0489168499724421,0.346362322213172,0.00376266556036119,UNC6293850,6.842e-05,2.237e-07,2.982e-07
CYP2D26,0.38,3,61.220059,1.27954688356776e-05,0.0624904554270804,1,,0.796537823827467,0.70331777432167,0.856205838093128,1.63912934609058e-35,Cyp2d26,paired,0.531834062260824,0.36979109795881,0.643377374845978,7.64233212640475e-13,UNC21196693,8.220e-05,2.279e-08,4.765e-08
CYP2E1,0.0699999999999998,3,59.859234,6.03661760631028e-06,0.0357008037692581,1,trans,0.897486688690771,0.835461226336832,0.927152424060344,1.00822454998614e-54,Cyp2e1,paired,0.248928785575568,0.0726293310516229,0.400441305324757,0.000688540751739807,UNC28522047,9.657e-04,1.164e-07,1.745e-07
CYP2F2,0.17,10,89.9348,9.31224044216907e-05,0.285825146004847,0,,0.551027472943619,0.407681555832578,0.663626397089735,3.81737006662532e-15,Cyp2f2,paired,0.385742945827003,0.170288722702177,0.547632693342023,1.53340767299853e-06,UNC12521663,1.021e-04,1.852e-07,2.615e-07
CYP3A11,0.65,3,41.343695,4.65360636471658e-06,0.024803305697263,2,trans,0.600963471172723,0.439937327981319,0.713212165852705,5.35392072306128e-18,Cyp3a11,paired,0.19772620310571,0.0277534238908563,0.344915778859824,0.00488504276635319,UNC21786664,3.862e-04,3.798e-08,6.512e-08
ENT1,0.2,17,47.348891,2.62221621149983e-06,0.0154341275063264,1,cis,0.740785333295028,0.634784733429627,0.81538102135239,3.64788389871885e-29,Slc29a1,paired,0.473007858919978,0.287859094109247,0.60574902501945,1.63544251821081e-10,JAX00558638,2.146e-07,1.644e-11,1.315e-10
MRP2,0.75,6,110.83632,0.000317278857957214,0.572071509042066,0,,0.308905837952632,0.100384758058778,0.463904682152541,1.03697735787824e-05,Abcc2,paired,0.412741712563523,0.233791099796204,0.562152639142728,1.74789022836419e-08,UNC19000946,4.076e-04,2.180e-06,2.275e-06
MRP3,0.58,12,77.114832,5.37376175162021e-05,0.192328301873912,0,,0.513832761715224,0.375006252424109,0.642655557033203,2.82735333940676e-13,Abcc3,paired,0.480065178249464,0.319112099749381,0.628957947556485,3.87369117481331e-11,UNC26318869,1.349e-05,1.598e-08,4.262e-08
NTCP,0.58,2,19.6512,4.31731218040714e-06,0.0245463797494504,1,trans,0.71548612952639,0.581548388491473,0.791395937999139,1.05829521335672e-26,Slc10a1,paired,0.217871238978706,0.0729333088040516,0.372367774583627,0.00362419353560536,UNC23829429,7.375e-06,8.015e-10,3.455e-09
OATP1A4,0.32,12,108.259518,0.000136133461865216,0.351643620974571,0,,0.940991987206275,0.909862071595109,0.961866317540258,6.66474287118594e-70,Slco1a4,paired,0.499833419659881,0.339548466333173,0.635773920421881,1.48065269800796e-11,JAX00558638,2.146e-07,7.379e-10,3.455e-09
OATP2A1,0.36,9,113.113095,0.000226109321264806,0.481316439855333,0,,0.381776004263975,0.215768826705294,0.516581897942662,6.56364451992793e-08,Slco2a1,paired,0.572404668251808,0.41541195807964,0.696599787397848,7.55591225585158e-15,UNC16989070,3.209e-07,1.766e-09,6.056e-09
OCT1.2,0.92,16,77.902285,0.000170367622329258,0.400610286309265,0,,0.418107860913605,0.285165220284381,0.557240724991112,3.40435830917884e-09,Slc22a1,paired,0.596289194972731,0.45016090908285,0.714436351354471,1.28997075253162e-13,JAX00531690,3.424e-06,1.299e-08,3.896e-08
UGT1A1,0.0899999999999999,1,87.586247,0.000141409748993019,0.371843584241213,0,,0.765310267104498,0.670129259083539,0.844820649112325,8.96653453237222e-32,Ugt1a1 /// Ugt1a10 /// Ugt1a2 /// Ugt1a5 /// Ugt1a6a /// Ugt1a6b /// Ugt1a7c /// Ugt1a9,paired_shared_probe,0.390403013325223,0.19083008277988,0.552918996305383,9.3583821318868e-08,UNC4607341,3.675e-05,1.043e-07,1.669e-07
UGT1A6,0.62,1,84.180779,3.26025968410261e-05,0.132359538707154,0,,0.74448050897883,0.632112707661855,0.824837053934766,1.64281317937616e-29,Ugt1a1 /// Ugt1a10 /// Ugt1a2 /// Ugt1a5 /// Ugt1a6a /// Ugt1a6b /// Ugt1a7c /// Ugt1a9,paired_shared_probe,0.390403013325223,0.19083008277988,0.552918996305383,9.3583821318868e-08,UNC4607341,3.675e-05,2.581e-08,4.765e-08
UGT2A2,0.11,16,8.049472,0.000555718537034306,0.7082254858783,0,,0.33954360179417,0.203311214580803,0.474883393322094,1.62738657226595e-06,Ugt2a1 /// Ugt2a2,paired_shared_probe,0.0540547438120353,0,0.178401943471063,0.279455770809347,UNC10325544,1.993e-04,1.885e-06,2.056e-06
