"Protein","CH","Locus","Mb","CI.Start","CI.End","Subset","Adjusted_P.val","pqtl_gene","gene_chr","gene_start_Mb","gene_end_Mb","gene_in_CI","gene_to_peak_Mb","pqtl_type"
"Ent1",17,"UNC27944457",47.348891,28.905824,47.90003292,"full",0.0154341275063264,"Slc29a1","17","45.59","45.60",TRUE,1.75,"cis"
"Ntcp",2,"UNC2678323",19.6512,19.16682777,20.702195,"full",0.0245463797494504,"Slc10a1","12","80.95","80.97",FALSE,NA,"trans"
"Cyp2c50",19,"UNC30282360",37.991484,37.446651,48.46833,"full",2.22044604925031e-16,"Cyp2c50","19","40.09","40.11",TRUE,2.1,"cis"
"Cyp2c50",3,"UNC5366241",60.506541,47.17003874,87.620951,"full",0.00532225922174878,"Cyp2c50","19","40.09","40.11",FALSE,NA,"trans"
"Cyp2e1",3,"JAX00107960",59.859234,15.00209268,66.49324344,"full",0.0357008037692581,"Cyp2e1","7","140.76","140.77",FALSE,NA,"trans"
"Cyp2c29",6,"UNC10908306",38.185474,36.72780516,144.322037,"full",0.040156696741889,"Cyp2c29","19","39.27","39.33",FALSE,NA,"trans"
"Bsep",16,"UNC26665635",38.153547,35.143724,43.736604,"full",0.0014843439924308,"Abcb11","2","69.24","69.34",FALSE,NA,"trans"
"Cyp2c39",19,"JAX00214946",39.930549,38.203233,40.364531,"full",2.22044604925031e-16,"Cyp2c39","19","39.51","39.57",TRUE,0.36,"cis"
"Cyp3a11",3,"UNC5114998",41.343695,38.04278127,104.20504214,"full",0.024803305697263,"Cyp3a11","5","145.85","145.88",FALSE,NA,"trans"
"Cyp3a11",6,"UNC11092470",52.953423,18.042549,64.6178219000004,"full",0.0266674714456014,"Cyp3a11","5","145.85","145.88",FALSE,NA,"trans"
