"Protein","lambda","lambda_CI_low","lambda_CI_high","shift","n_zero_replicates","boundary"
"Abcb4",0.9,0.58,1.24,0,0,FALSE
"Bcrp",0.13,-0.0700000000000001,0.33,0,0,FALSE
"Bsep",0.55,0.1,1.01,0,0,FALSE
"Ces1",0.59,0.29,0.89,0,0,FALSE
"Cyp1a2",0.34,0.0699999999999998,0.62,0,0,FALSE
"Cyp2c29",0.0499999999999998,-0.0700000000000001,0.18,0,0,FALSE
"Cyp2c39",0.19,0.14,0.24,0.005,37,FALSE
"Cyp2c9",0.12,-0.36,0.58,0,0,FALSE
"Cyp2e1",0.0699999999999998,-0.17,0.31,0,0,FALSE
"Cyp3a11",0.65,0.53,0.78,0,0,FALSE
"Ent1",0.2,-0.0899999999999999,0.51,0,0,FALSE
"Mrp2",0.75,0.5,1.02,0,0,FALSE
"Mrp3",0.58,0.45,0.73,0.05,3,FALSE
"Ntcp",0.58,0.34,0.81,0,0,FALSE
"Oatp1a4",0.32,0.24,0.39,0,0,FALSE
"Oatp2a1",0.36,0.0600000000000001,0.66,0,0,FALSE
"Oct1.2",0.92,0.64,1.23,0.5,1,FALSE
"Ugt1a1",0.0899999999999999,-0.15,0.33,0,0,FALSE
"Ugt1a6",0.62,0.32,0.92,0,0,FALSE
"Cyp2c50",0.21,0.0800000000000001,0.34,796.5,17,FALSE
"Cyp2d9",0.16,-0.13,0.45,0,0,FALSE
"Cyp2d10",-0.0600000000000001,-0.17,0.04,0,0,FALSE
"Cyp2d26",0.38,0.18,0.59,0,0,FALSE
"Cyp2f2",0.17,-0.0700000000000001,0.42,0,0,FALSE
"Ugt2a2",0.11,-0.17,0.4,0,0,FALSE
"ATPase",0.64,0.0100000000000002,1.27,0,0,FALSE
