"Protein","statistic","df","p_value","median_z_cluster1","median_z_cluster2","FDR_BH"
"BCRP",29.3478260869565,1,6.04843309146738e-08,1.23911325967191,-0.681691805998441,3.9314815094538e-07
"CYP2E1",29.3478260869565,1,6.04843309146738e-08,1.19187052818906,-0.589414641829023,3.9314815094538e-07
"CYP2D10",29.3478260869565,1,6.04843309146738e-08,1.27889616372572,-0.451029084293993,3.9314815094538e-07
"OATP1A4",29.3478260869565,1,6.04843309146738e-08,1.15076160927567,-0.629403351887423,3.9314815094538e-07
"CYP2C29",28.0579710144928,1,1.17735172808527e-07,1.21044948734815,-0.467681456402771,6.1222289860434e-07
"CYP2D26",24.1252173913043,1,9.02704123066901e-07,-1.1378604538037,0.570609008504669,3.91171786662324e-06
"UGT2A2",8.20927536231881,1,0.00416767916699149,0.622334637827133,-0.373112039943268,0.0154799511916827
"ABCB4",7.53391304347824,1,0.0060548255594878,0.624205329425759,-0.382608833939043,0.0196781830683353
"CYP2C50",6.76619644034282,1,0.00929006198134267,0.725705775817965,0.0168164692699129,0.0199752613064603
"OCT1.2",6.76173913043482,1,0.00931329498234724,0.562871568608927,-0.238998914267247,0.0199752613064603
"CES1",6.76173913043482,1,0.00931329498234724,0.600108938903812,-0.27447856178654,0.0199752613064603
"CYP2F2",6.63710144927538,1,0.00998763065323016,0.373542254140293,-0.122868389211317,0.0199752613064603
"BSEP",6.63710144927538,1,0.00998763065323016,-0.139507840055963,0.251143109608722,0.0199752613064603
"CYP2D9",5.231884057971,1,0.0221764982046724,0.484414403279401,-0.164908547209468,0.0411849252372487
"CYP1A2",4.48927536231886,1,0.0341081324816687,0.405789683316625,-0.248008813101973,0.0591207629682258
"CYP3A11",4.09043478260867,1,0.0431265470609027,0.548689304166633,-0.166729739672005,0.0659582484460865
"UGT1A1",4.09043478260867,1,0.0431265470609027,0.498941227013215,-0.253012382480327,0.0659582484460865
"MRP3",3.52695652173915,1,0.0603785237765884,0.294140768995046,-0.230874039807212,0.0826232430626999
"ENT1",3.52695652173915,1,0.0603785237765884,0.25222485285464,-0.275673432600273,0.0826232430626999
"ATPASE",1.5078260869565,1,0.219471106109706,-0.388444353976497,0.0484559216941568,0.285312437942618
"CYP2C9",1.28057971014496,1,0.257791275831105,0.134646308190659,-0.00466178321205866,0.319170151028987
"OATP2A1",1.07188405797103,1,0.3005202692294,-0.114590588444685,0.0742510835611872,0.355160318180199
"NTCP",0.487536231884036,1,0.485028398201178,-0.198230270477608,-0.304896820807567,0.548292971879592
"UGT1A6",0.422608695652201,1,0.515638217796627,0.0787675761216389,-0.262325583951567,0.55860806927968
"CYP2C39",0.18807387862798,1,0.664524569704157,0.344469122240926,0.417851651388911,0.691105552492323
"MRP2",0.0144927536231876,1,0.904177497498779,-0.124227583723322,0.181646776536161,0.904177497498779
